{"cameraMode":{"drawMode":0,"name":"Shaded","section":"Shading Mode"},"sceneLighting":false,"audioPlay":false,"sceneViewState":{"m_AlwaysRefresh":false,"showFog":true,"showSkybox":false,"showFlares":true,"showImageEffects":true,"showParticleSystems":true,"showVisualEffectGraphs":true,"m_FxEnabled":true},"in2DMode":false,"pivot":{"x":504.1266174316406,"y":7.2217817306518559,"z":483.3168029785156},"rotation":{"x":0.20777547359466554,"y":0.034988146275281909,"z":-0.007339319679886103,"w":0.9776644706726074},"size":2.5718181133270265,"orthographic":false}