{"cameraMode":{"drawMode":0,"name":"Shaded","section":"Shading Mode"},"sceneLighting":true,"audioPlay":false,"sceneViewState":{"m_AlwaysRefresh":false,"showFog":true,"showSkybox":true,"showFlares":true,"showImageEffects":true,"showParticleSystems":true,"showVisualEffectGraphs":true,"m_FxEnabled":true},"in2DMode":false,"pivot":{"x":563.4051513671875,"y":-1666.7288818359375,"z":5219.7822265625},"rotation":{"x":0.16960154473781587,"y":0.007107404060661793,"z":-0.0012647304683923722,"w":0.9856337308883667},"size":2528.45166015625,"orthographic":false}