{"cameraMode":{"drawMode":0,"name":"Shaded","section":"Shading Mode"},"sceneLighting":true,"audioPlay":false,"sceneViewState":{"m_AlwaysRefresh":false,"showFog":true,"showSkybox":false,"showFlares":true,"showImageEffects":true,"showParticleSystems":true,"showVisualEffectGraphs":true,"m_FxEnabled":true},"in2DMode":false,"pivot":{"x":2.414905071258545,"y":-2.2157769203186037,"z":58.068599700927737},"rotation":{"x":0.04888865351676941,"y":-0.0032665194012224676,"z":0.00023065513232722878,"w":0.9989241361618042},"size":36.37306594848633,"orthographic":false}