{"cameraMode":{"drawMode":0,"name":"Shaded","section":"Shading Mode"},"sceneLighting":false,"audioPlay":false,"sceneViewState":{"m_AlwaysRefresh":false,"showFog":true,"showSkybox":false,"showFlares":true,"showImageEffects":true,"showParticleSystems":true,"showVisualEffectGraphs":true,"m_FxEnabled":true},"in2DMode":false,"pivot":{"x":0.4749552309513092,"y":3.7319068908691408,"z":-7.391851425170898},"rotation":{"x":0.22099459171295167,"y":-0.028041362762451173,"z":0.006451404187828302,"w":0.9749775528907776},"size":0.6146317720413208,"orthographic":false}